{"resourceId":3003,"properties":{"process_id":"JiraArchive","name":"Jira Archive","documentation":"","process_author":"","process_version":"","process_namespace":"http://www.activiti.org/processdef","executionlisteners":"","eventlisteners":"","signaldefinitions":"","messagedefinitions":"","executionvariables":"null","metadata":""},"stencil":{"id":"BPMNDiagram"},"childShapes":[{"resourceId":"sid-8C8DFF50-51F8-4223-8545-CDB5FE80E798","properties":{"overrideid":"","name":"","documentation":"","executionlisteners":""},"stencil":{"id":"EndNoneEvent"},"childShapes":[],"outgoing":[],"bounds":{"lowerRight":{"x":763,"y":169},"upperLeft":{"x":735,"y":141}},"dockers":[]},{"resourceId":"sid-3938FEF3-C04B-4EE9-9FEF-D55C85B7892D","properties":{"overrideid":"","name":"Jira Archive Approval","documentation":"","asynchronousdefinition":"false","exclusivedefinition":"false","executionlisteners":"","multiinstance_type":"None","multiinstance_cardinality":"","multiinstance_collection":"","multiinstance_variable":"","multiinstance_condition":"","isforcompensation":"false","usertasksendemail":true,"usertaskassignment":{"assignment":{"type":"idm","idm":{"type":"initiator"}}},"formkeydefinition":"","formreference":{"id":3004,"name":"Archive Approval","referenceId":null,"variablesmapping":[]},"fieldstovariables":"","duedatedefinition":"","prioritydefinition":"","categorydefinition":"","formproperties":"","tasklisteners":"","emailtemplate":""},"stencil":{"id":"UserTask"},"childShapes":[],"outgoing":[{"resourceId":"sid-E05C01F9-C62D-4B20-BF42-DB8E7C493DD8"}],"bounds":{"lowerRight":{"x":250,"y":195},"upperLeft":{"x":150,"y":115}},"dockers":[]},{"resourceId":"sid-D640D63C-4B0E-4AAC-B3A2-02F6524E8A44","properties":{"overrideid":"","name":"","documentation":"","asynchronousdefinition":"false","exclusivedefinition":"false","sequencefloworder":""},"stencil":{"id":"ExclusiveGateway"},"childShapes":[],"outgoing":[{"resourceId":"sid-52A6DEE7-B55E-4AB3-82C4-FCA7514C9E33"},{"resourceId":"sid-AFE184B0-D036-4C38-AE13-30EBF6C65045"}],"bounds":{"lowerRight":{"x":355,"y":175},"upperLeft":{"x":315,"y":135}},"dockers":[]},{"resourceId":"sid-E05C01F9-C62D-4B20-BF42-DB8E7C493DD8","properties":{"overrideid":"","name":"","documentation":"","conditionsequenceflow":"","executionlisteners":"","defaultflow":"false"},"stencil":{"id":"SequenceFlow"},"childShapes":[],"outgoing":[{"resourceId":"sid-D640D63C-4B0E-4AAC-B3A2-02F6524E8A44"}],"bounds":{"lowerRight":{"x":315.015625,"y":155},"upperLeft":{"x":250.5703125,"y":155}},"dockers":[{"x":50,"y":40},{"x":20,"y":20}],"target":{"resourceId":"sid-D640D63C-4B0E-4AAC-B3A2-02F6524E8A44"}},{"resourceId":"sid-72C61E0E-062E-45F9-97EA-7C6FEFCE69F9","properties":{"overrideid":"","name":"","documentation":"","executionlisteners":""},"stencil":{"id":"EndNoneEvent"},"childShapes":[],"outgoing":[],"bounds":{"lowerRight":{"x":349,"y":283},"upperLeft":{"x":321,"y":255}},"dockers":[]},{"resourceId":"sid-149912C6-426C-4FA7-B1D0-2477AC3E6566","properties":{"overrideid":"","name":"","documentation":"","conditionsequenceflow":"","executionlisteners":"","defaultflow":"false","showdiamondmarker":false},"stencil":{"id":"SequenceFlow"},"childShapes":[],"outgoing":[{"resourceId":"sid-3938FEF3-C04B-4EE9-9FEF-D55C85B7892D"}],"bounds":{"lowerRight":{"x":150,"y":155},"upperLeft":{"x":120.375,"y":155}},"dockers":[{"x":15,"y":15},{"x":1,"y":40}],"target":{"resourceId":"sid-3938FEF3-C04B-4EE9-9FEF-D55C85B7892D"}},{"resourceId":"startEvent1","properties":{"overrideid":"","name":"","documentation":"","executionlisteners":"","initiator":"","formkeydefinition":"","formreference":{"id":3004,"name":"Archive Approval","referenceId":null,"variablesmapping":[]},"fieldstovariables":"","formproperties":""},"stencil":{"id":"StartNoneEvent"},"childShapes":[],"outgoing":[{"resourceId":"sid-149912C6-426C-4FA7-B1D0-2477AC3E6566"}],"bounds":{"lowerRight":{"x":120,"y":170},"upperLeft":{"x":90,"y":140}},"dockers":[]},{"resourceId":"sid-63365832-E729-4D29-8A2D-B2B3D9F9B9F4","properties":{"overrideid":"","name":"Create Summary PDF","documentation":"","generatedocumenttemplate":{"id":8008,"name":"JiraArchiveTemplate.docx"},"generatedocumenttaskoutputformat":"","executionvariable_document":{"variableName":"doc","variableType":"document"},"generatedocumentfilename":"JiraSummary"},"stencil":{"id":"GenerateDocumentTask"},"childShapes":[],"outgoing":[{"resourceId":"sid-87E3B8E6-8738-4327-BAFF-730748CC1C5F"}],"bounds":{"lowerRight":{"x":535,"y":195},"upperLeft":{"x":435,"y":115}},"dockers":[]},{"resourceId":"sid-1E26C54A-6119-40F9-9454-45DCB6198315","properties":{"overrideid":"","name":"ACS Upload","documentation":"","alfresco_cloud_content":{"source":"process","documentAspects":[{"aspectName":"cm:titled"}],"documentType":"cmis:document"},"alfresco_cloud_destination":{"account":"alfresco-1","site":"falcon-project","path":"96b9987f-d093-4018-b3a6-a193d6037ded","path_title":"documentLibrary > test","site_title":"Project Falcon","publish_as_type":"process_initiator"}},"stencil":{"id":"PublishToAlfrescoCloudTask"},"childShapes":[],"outgoing":[{"resourceId":"sid-C73BCB20-D79C-49B7-A56B-4E43D013E89E"}],"bounds":{"lowerRight":{"x":685.242193548,"y":195.0837419355},"upperLeft":{"x":585,"y":114.9162580645}},"dockers":[]},{"resourceId":"sid-C73BCB20-D79C-49B7-A56B-4E43D013E89E","properties":{"overrideid":"","name":"","documentation":"","conditionsequenceflow":"","executionlisteners":"","defaultflow":"false","showdiamondmarker":false},"stencil":{"id":"SequenceFlow"},"childShapes":[],"outgoing":[{"resourceId":"sid-8C8DFF50-51F8-4223-8545-CDB5FE80E798"}],"bounds":{"lowerRight":{"x":734.6690073273588,"y":155.04636869659876},"upperLeft":{"x":686.0112335997974,"y":155.01054965018642}},"dockers":[{"x":50.242193548000024,"y":40.167483871},{"x":14,"y":14}],"target":{"resourceId":"sid-8C8DFF50-51F8-4223-8545-CDB5FE80E798"}},{"resourceId":"sid-AFE184B0-D036-4C38-AE13-30EBF6C65045","properties":{"overrideid":"","name":"Approve","documentation":"","conditionsequenceflow":{"expression":{"type":"variables","outcomeFormId":3004,"outcomeFormName":"Archive Approval","operator":"==","rightOutcomeFormId":3004,"rightOutcomeFormName":"Archive Approval","rightOutcomeName":"Approve"}},"executionlisteners":"","defaultflow":false},"stencil":{"id":"SequenceFlow"},"childShapes":[],"outgoing":[{"resourceId":"sid-63365832-E729-4D29-8A2D-B2B3D9F9B9F4"}],"bounds":{"lowerRight":{"x":434.94531809273167,"y":155.43415553709943},"upperLeft":{"x":355.18749440726833,"y":155.16740696290057}},"dockers":[{"x":20.5,"y":20.5},{"x":50,"y":40}],"target":{"resourceId":"sid-63365832-E729-4D29-8A2D-B2B3D9F9B9F4"}},{"resourceId":"sid-52A6DEE7-B55E-4AB3-82C4-FCA7514C9E33","properties":{"overrideid":"","name":"Reject","documentation":"","conditionsequenceflow":"","executionlisteners":"","defaultflow":true,"showdiamondmarker":false},"stencil":{"id":"SequenceFlow"},"childShapes":[],"outgoing":[{"resourceId":"sid-72C61E0E-062E-45F9-97EA-7C6FEFCE69F9"}],"bounds":{"lowerRight":{"x":335.4135635064015,"y":254.69922845313266},"upperLeft":{"x":335.0629989935985,"y":175.12108404686734}},"dockers":[{"x":20.5,"y":20.5},{"x":14,"y":14}],"target":{"resourceId":"sid-72C61E0E-062E-45F9-97EA-7C6FEFCE69F9"}},{"resourceId":"sid-87E3B8E6-8738-4327-BAFF-730748CC1C5F","properties":{"overrideid":"","name":"","documentation":"","conditionsequenceflow":"","executionlisteners":"","defaultflow":"false","showdiamondmarker":false},"stencil":{"id":"SequenceFlow"},"childShapes":[],"outgoing":[{"resourceId":"sid-1E26C54A-6119-40F9-9454-45DCB6198315"}],"bounds":{"lowerRight":{"x":584.4512392529903,"y":155.08226055729395},"upperLeft":{"x":535.0391871577286,"y":155.0413896443428}},"dockers":[{"x":50,"y":40},{"x":1.2421935480000457,"y":40.167483871}],"target":{"resourceId":"sid-1E26C54A-6119-40F9-9454-45DCB6198315"}}],"bounds":{"lowerRight":{"x":1200,"y":1050},"upperLeft":{"x":0,"y":0}},"stencilset":{"url":"stencilsets/bpmn2.0/bpmn2.0.json","namespace":"http://b3mn.org/stencilset/bpmn2.0#"},"ssextensions":[]}