<?xml version='1.0' encoding='UTF-8'?>
<definitions xmlns="http://www.omg.org/spec/BPMN/20100524/MODEL" xmlns:xsi="http://www.w3.org/2001/XMLSchema-instance" xmlns:xsd="http://www.w3.org/2001/XMLSchema" xmlns:activiti="http://activiti.org/bpmn" xmlns:bpmndi="http://www.omg.org/spec/BPMN/20100524/DI" xmlns:omgdc="http://www.omg.org/spec/DD/20100524/DC" xmlns:omgdi="http://www.omg.org/spec/DD/20100524/DI" typeLanguage="http://www.w3.org/2001/XMLSchema" expressionLanguage="http://www.w3.org/1999/XPath" targetNamespace="http://www.activiti.org/processdef" xmlns:modeler="http://activiti.com/modeler" modeler:version="1.0en" modeler:exportDateTime="20180116102856907" modeler:modelId="3003" modeler:modelVersion="49" modeler:modelLastUpdated="1516095927351">
  <process id="JiraArchive" name="Jira Archive" isExecutable="true">
    <endEvent id="sid-8C8DFF50-51F8-4223-8545-CDB5FE80E798">
      <extensionElements>
        <modeler:editor-resource-id><![CDATA[sid-8C8DFF50-51F8-4223-8545-CDB5FE80E798]]></modeler:editor-resource-id>
      </extensionElements>
    </endEvent>
    <userTask id="sid-3938FEF3-C04B-4EE9-9FEF-D55C85B7892D" name="Jira Archive Approval" activiti:assignee="$INITIATOR" activiti:formKey="3004">
      <extensionElements>
        <modeler:allow-send-email><![CDATA[true]]></modeler:allow-send-email>
        <modeler:form-reference-id><![CDATA[3004]]></modeler:form-reference-id>
        <modeler:form-reference-name><![CDATA[Archive Approval]]></modeler:form-reference-name>
        <modeler:activiti-idm-initiator><![CDATA[true]]></modeler:activiti-idm-initiator>
        <modeler:initiator-can-complete><![CDATA[false]]></modeler:initiator-can-complete>
        <modeler:editor-resource-id><![CDATA[sid-3938FEF3-C04B-4EE9-9FEF-D55C85B7892D]]></modeler:editor-resource-id>
      </extensionElements>
    </userTask>
    <exclusiveGateway id="sid-D640D63C-4B0E-4AAC-B3A2-02F6524E8A44" default="sid-52A6DEE7-B55E-4AB3-82C4-FCA7514C9E33">
      <extensionElements>
        <modeler:editor-resource-id><![CDATA[sid-D640D63C-4B0E-4AAC-B3A2-02F6524E8A44]]></modeler:editor-resource-id>
      </extensionElements>
    </exclusiveGateway>
    <sequenceFlow id="sid-E05C01F9-C62D-4B20-BF42-DB8E7C493DD8" sourceRef="sid-3938FEF3-C04B-4EE9-9FEF-D55C85B7892D" targetRef="sid-D640D63C-4B0E-4AAC-B3A2-02F6524E8A44">
      <extensionElements>
        <modeler:editor-resource-id><![CDATA[sid-E05C01F9-C62D-4B20-BF42-DB8E7C493DD8]]></modeler:editor-resource-id>
      </extensionElements>
    </sequenceFlow>
    <endEvent id="sid-72C61E0E-062E-45F9-97EA-7C6FEFCE69F9">
      <extensionElements>
        <modeler:editor-resource-id><![CDATA[sid-72C61E0E-062E-45F9-97EA-7C6FEFCE69F9]]></modeler:editor-resource-id>
      </extensionElements>
    </endEvent>
    <sequenceFlow id="sid-149912C6-426C-4FA7-B1D0-2477AC3E6566" sourceRef="startEvent1" targetRef="sid-3938FEF3-C04B-4EE9-9FEF-D55C85B7892D">
      <extensionElements>
        <modeler:editor-resource-id><![CDATA[sid-149912C6-426C-4FA7-B1D0-2477AC3E6566]]></modeler:editor-resource-id>
      </extensionElements>
    </sequenceFlow>
    <startEvent id="startEvent1" activiti:formKey="3004">
      <extensionElements>
        <modeler:form-reference-id><![CDATA[3004]]></modeler:form-reference-id>
        <modeler:form-reference-name><![CDATA[Archive Approval]]></modeler:form-reference-name>
        <modeler:editor-resource-id><![CDATA[startEvent1]]></modeler:editor-resource-id>
      </extensionElements>
    </startEvent>
    <serviceTask id="sid-63365832-E729-4D29-8A2D-B2B3D9F9B9F4" name="Create Summary PDF" activiti:async="true" activiti:delegateExpression="${activiti_generateDocumentDelegate}">
      <extensionElements>
        <activiti:field name="outputFormat">
          <activiti:string><![CDATA[pdf]]></activiti:string>
        </activiti:field>
        <activiti:field name="templateId">
          <activiti:string><![CDATA[8008]]></activiti:string>
        </activiti:field>
        <activiti:field name="templateName">
          <activiti:string><![CDATA[JiraArchiveTemplate.docx]]></activiti:string>
        </activiti:field>
        <activiti:field name="fileName">
          <activiti:string><![CDATA[JiraSummary]]></activiti:string>
        </activiti:field>
        <activiti:field name="variableName">
          <activiti:string><![CDATA[doc]]></activiti:string>
        </activiti:field>
        <modeler:executionvariables modeler:variableName="doc" modeler:variableType="document"/>
        <modeler:editor-resource-id><![CDATA[sid-63365832-E729-4D29-8A2D-B2B3D9F9B9F4]]></modeler:editor-resource-id>
      </extensionElements>
    </serviceTask>
    <serviceTask id="sid-1E26C54A-6119-40F9-9454-45DCB6198315" name="ACS Upload" activiti:async="true" activiti:class="com.activiti.runtime.activiti.KickstartAlfrescoPublishDelegate">
      <extensionElements>
        <activiti:field name="relatedContentService">
          <activiti:expression><![CDATA[${relatedContentService}]]></activiti:expression>
        </activiti:field>
        <activiti:field name="relatedContentProcessor">
          <activiti:expression><![CDATA[${relatedContentProcessor}]]></activiti:expression>
        </activiti:field>
        <activiti:field name="historyService">
          <activiti:expression><![CDATA[${historyService}]]></activiti:expression>
        </activiti:field>
        <activiti:field name="alfrescoMetadataProcessor">
          <activiti:expression><![CDATA[${alfrescoMetadataProcessor}]]></activiti:expression>
        </activiti:field>
        <activiti:field name="contentSource">
          <activiti:string><![CDATA[process]]></activiti:string>
        </activiti:field>
        <activiti:field name="documentType">
          <activiti:string><![CDATA[cmis:document]]></activiti:string>
        </activiti:field>
        <activiti:field name="documentAspects">
          <activiti:string><![CDATA[[{"aspectName":"cm:titled"}]]]></activiti:string>
        </activiti:field>
        <activiti:field name="account">
          <activiti:string><![CDATA[alfresco-1]]></activiti:string>
        </activiti:field>
        <activiti:field name="site">
          <activiti:string><![CDATA[falcon-project]]></activiti:string>
        </activiti:field>
        <activiti:field name="publishAsType">
          <activiti:string><![CDATA[process_initiator]]></activiti:string>
        </activiti:field>
        <activiti:field name="path">
          <activiti:string><![CDATA[96b9987f-d093-4018-b3a6-a193d6037ded]]></activiti:string>
        </activiti:field>
        <modeler:site_title><![CDATA[Project Falcon]]></modeler:site_title>
        <modeler:path_title><![CDATA[documentLibrary > test]]></modeler:path_title>
        <modeler:editor-resource-id><![CDATA[sid-1E26C54A-6119-40F9-9454-45DCB6198315]]></modeler:editor-resource-id>
      </extensionElements>
    </serviceTask>
    <sequenceFlow id="sid-C73BCB20-D79C-49B7-A56B-4E43D013E89E" sourceRef="sid-1E26C54A-6119-40F9-9454-45DCB6198315" targetRef="sid-8C8DFF50-51F8-4223-8545-CDB5FE80E798">
      <extensionElements>
        <modeler:editor-resource-id><![CDATA[sid-C73BCB20-D79C-49B7-A56B-4E43D013E89E]]></modeler:editor-resource-id>
      </extensionElements>
    </sequenceFlow>
    <sequenceFlow id="sid-AFE184B0-D036-4C38-AE13-30EBF6C65045" name="Approve" sourceRef="sid-D640D63C-4B0E-4AAC-B3A2-02F6524E8A44" targetRef="sid-63365832-E729-4D29-8A2D-B2B3D9F9B9F4">
      <extensionElements>
        <modeler:conditionDefinition modeler:index="0" modeler:outcomeFormId="3004" modeler:outcomeFormName="Archive Approval" modeler:rightOutcomeName="Approve" modeler:operator="=="/>
        <modeler:editor-resource-id><![CDATA[sid-AFE184B0-D036-4C38-AE13-30EBF6C65045]]></modeler:editor-resource-id>
      </extensionElements>
      <conditionExpression xsi:type="tFormalExpression"><![CDATA[${(activiti_flowConditionsBean.exists(execution, 'form3004outcome') && form3004outcome == 'Approve')}]]></conditionExpression>
    </sequenceFlow>
    <sequenceFlow id="sid-52A6DEE7-B55E-4AB3-82C4-FCA7514C9E33" name="Reject" sourceRef="sid-D640D63C-4B0E-4AAC-B3A2-02F6524E8A44" targetRef="sid-72C61E0E-062E-45F9-97EA-7C6FEFCE69F9">
      <extensionElements>
        <modeler:editor-resource-id><![CDATA[sid-52A6DEE7-B55E-4AB3-82C4-FCA7514C9E33]]></modeler:editor-resource-id>
      </extensionElements>
    </sequenceFlow>
    <sequenceFlow id="sid-87E3B8E6-8738-4327-BAFF-730748CC1C5F" sourceRef="sid-63365832-E729-4D29-8A2D-B2B3D9F9B9F4" targetRef="sid-1E26C54A-6119-40F9-9454-45DCB6198315">
      <extensionElements>
        <modeler:editor-resource-id><![CDATA[sid-87E3B8E6-8738-4327-BAFF-730748CC1C5F]]></modeler:editor-resource-id>
      </extensionElements>
    </sequenceFlow>
  </process>
  <bpmndi:BPMNDiagram id="BPMNDiagram_JiraArchive">
    <bpmndi:BPMNPlane bpmnElement="JiraArchive" id="BPMNPlane_JiraArchive">
      <bpmndi:BPMNShape bpmnElement="sid-8C8DFF50-51F8-4223-8545-CDB5FE80E798" id="BPMNShape_sid-8C8DFF50-51F8-4223-8545-CDB5FE80E798">
        <omgdc:Bounds height="28.0" width="28.0" x="735.0" y="141.0"/>
      </bpmndi:BPMNShape>
      <bpmndi:BPMNShape bpmnElement="sid-3938FEF3-C04B-4EE9-9FEF-D55C85B7892D" id="BPMNShape_sid-3938FEF3-C04B-4EE9-9FEF-D55C85B7892D">
        <omgdc:Bounds height="80.0" width="100.0" x="150.0" y="115.0"/>
      </bpmndi:BPMNShape>
      <bpmndi:BPMNShape bpmnElement="sid-D640D63C-4B0E-4AAC-B3A2-02F6524E8A44" id="BPMNShape_sid-D640D63C-4B0E-4AAC-B3A2-02F6524E8A44">
        <omgdc:Bounds height="40.0" width="40.0" x="315.0" y="135.0"/>
      </bpmndi:BPMNShape>
      <bpmndi:BPMNShape bpmnElement="sid-72C61E0E-062E-45F9-97EA-7C6FEFCE69F9" id="BPMNShape_sid-72C61E0E-062E-45F9-97EA-7C6FEFCE69F9">
        <omgdc:Bounds height="28.0" width="28.0" x="321.0" y="255.0"/>
      </bpmndi:BPMNShape>
      <bpmndi:BPMNShape bpmnElement="startEvent1" id="BPMNShape_startEvent1">
        <omgdc:Bounds height="30.0" width="30.0" x="90.0" y="140.0"/>
      </bpmndi:BPMNShape>
      <bpmndi:BPMNShape bpmnElement="sid-63365832-E729-4D29-8A2D-B2B3D9F9B9F4" id="BPMNShape_sid-63365832-E729-4D29-8A2D-B2B3D9F9B9F4">
        <omgdc:Bounds height="80.0" width="100.0" x="435.0" y="115.0"/>
      </bpmndi:BPMNShape>
      <bpmndi:BPMNShape bpmnElement="sid-1E26C54A-6119-40F9-9454-45DCB6198315" id="BPMNShape_sid-1E26C54A-6119-40F9-9454-45DCB6198315">
        <omgdc:Bounds height="80.167483871" width="100.24219354800005" x="585.0" y="114.9162580645"/>
      </bpmndi:BPMNShape>
      <bpmndi:BPMNEdge bpmnElement="sid-AFE184B0-D036-4C38-AE13-30EBF6C65045" id="BPMNEdge_sid-AFE184B0-D036-4C38-AE13-30EBF6C65045">
        <omgdi:waypoint x="354.56375838926175" y="155.43624161073825"/>
        <omgdi:waypoint x="435.0" y="155.16722408026754"/>
      </bpmndi:BPMNEdge>
      <bpmndi:BPMNEdge bpmnElement="sid-149912C6-426C-4FA7-B1D0-2477AC3E6566" id="BPMNEdge_sid-149912C6-426C-4FA7-B1D0-2477AC3E6566">
        <omgdi:waypoint x="120.0" y="155.0"/>
        <omgdi:waypoint x="150.0" y="155.0"/>
      </bpmndi:BPMNEdge>
      <bpmndi:BPMNEdge bpmnElement="sid-E05C01F9-C62D-4B20-BF42-DB8E7C493DD8" id="BPMNEdge_sid-E05C01F9-C62D-4B20-BF42-DB8E7C493DD8">
        <omgdi:waypoint x="250.0" y="155.0"/>
        <omgdi:waypoint x="315.0" y="155.0"/>
      </bpmndi:BPMNEdge>
      <bpmndi:BPMNEdge bpmnElement="sid-52A6DEE7-B55E-4AB3-82C4-FCA7514C9E33" id="BPMNEdge_sid-52A6DEE7-B55E-4AB3-82C4-FCA7514C9E33">
        <omgdi:waypoint x="335.4159292035398" y="174.58407079646017"/>
        <omgdi:waypoint x="335.06167341037946" y="255.00013584385718"/>
      </bpmndi:BPMNEdge>
      <bpmndi:BPMNEdge bpmnElement="sid-C73BCB20-D79C-49B7-A56B-4E43D013E89E" id="BPMNEdge_sid-C73BCB20-D79C-49B7-A56B-4E43D013E89E">
        <omgdi:waypoint x="685.242193548" y="155.04693481952623"/>
        <omgdi:waypoint x="735.0000037933371" y="155.01030598968023"/>
      </bpmndi:BPMNEdge>
      <bpmndi:BPMNEdge bpmnElement="sid-87E3B8E6-8738-4327-BAFF-730748CC1C5F" id="BPMNEdge_sid-87E3B8E6-8738-4327-BAFF-730748CC1C5F">
        <omgdi:waypoint x="535.0" y="155.04135723089618"/>
        <omgdi:waypoint x="585.0" y="155.08271446179236"/>
      </bpmndi:BPMNEdge>
    </bpmndi:BPMNPlane>
  </bpmndi:BPMNDiagram>
</definitions>